{
  "type": "FeatureCollection",
  "license": "ODbL-1.0",
  "licenseURL": "https://opendatacommons.org/licenses/odbl/1-0/",
  "attribution": "© OpenStreetMap contributors; Wambacher; geoBoundaries",
  "features": [
    {
      "type": "Feature",
      "id": "CV-SAO-NICOLAU-CV-RB",
      "properties": {
        "shapeName": "Ribeira Brava",
        "shapeISO": "CV-RB",
        "shapeID": "35879248B49995424745322",
        "shapeGroup": "CPV",
        "shapeType": "ADM1",
        "sourceURL": "https://github.com/wmgeolab/geoBoundaries/raw/9469f09/releaseData/gbOpen/CPV/ADM1/geoBoundaries-CPV-ADM1.geojson",
        "sourceSHA256": "1f5178861c917ff24e9e66301dc02c4285e7b4b4a952d2e82c1835ff86dd72ba",
        "license": "ODbL-1.0",
        "licenseURL": "https://opendatacommons.org/licenses/odbl/1-0/",
        "attribution": "© OpenStreetMap contributors; Wambacher; geoBoundaries",
        "attributionURL": "https://www.openstreetmap.org/copyright",
        "approximate": true,
        "referenceOnly": true,
        "exactLocationConfirmationAllowed": false,
        "sourceComponentIndex": 0,
        "excludedSourceComponentIndices": [],
        "scope": "Sao Nicolau island component, not the complete municipality or an exact linguistic boundary",
        "conversion": "Select unique independently anchored component; retain all selected coordinates unchanged.",
        "scopeNote": "Approximate reference to Sao Nicolau island for this translation, not an exact language boundary. Other islands included in the source municipality are excluded. Book ownership does not establish a visit."
      },
      "geometry": {
        "type": "Polygon",
        "coordinates": [
          [
            [
              -24.3580328,
              16.6691703
            ],
            [
              -24.3479776,
              16.6383584
            ],
            [
              -24.3506459,
              16.6371345
            ],
            [
              -24.3571012,
              16.6341735
            ],
            [
              -24.3546747,
              16.6205024
            ],
            [
              -24.3515688,
              16.6190143
            ],
            [
              -24.3293422,
              16.6191073
            ],
            [
              -24.3134245,
              16.6055281
            ],
            [
              -24.3133275,
              16.5899016
            ],
            [
              -24.3103441,
              16.5864268
            ],
            [
              -24.3032158,
              16.5781243
            ],
            [
              -24.3050774,
              16.5766924
            ],
            [
              -24.3044951,
              16.5726923
            ],
            [
              -24.3030392,
              16.5709248
            ],
            [
              -24.3033303,
              16.5388274
            ],
            [
              -24.3108039,
              16.5262661
            ],
            [
              -24.3121627,
              16.507376
            ],
            [
              -24.3166275,
              16.4904386
            ],
            [
              -24.3204857,
              16.4852883
            ],
            [
              -24.3203088,
              16.4849761
            ],
            [
              -24.3204291,
              16.4847792
            ],
            [
              -24.3203017,
              16.4845688
            ],
            [
              -24.3199407,
              16.4845281
            ],
            [
              -24.319792,
              16.4843991
            ],
            [
              -24.3196363,
              16.4841955
            ],
            [
              -24.3192966,
              16.4841005
            ],
            [
              -24.3189426,
              16.484053
            ],
            [
              -24.3185463,
              16.4837679
            ],
            [
              -24.3182419,
              16.4828719
            ],
            [
              -24.3178596,
              16.4825529
            ],
            [
              -24.3176261,
              16.4822678
            ],
            [
              -24.3173146,
              16.4813651
            ],
            [
              -24.3169748,
              16.4806728
            ],
            [
              -24.3165501,
              16.4799194
            ],
            [
              -24.316252714775583,
              16.479623485419573
            ],
            [
              -24.315288767757345,
              16.479179232062673
            ],
            [
              -24.31523420105995,
              16.479206031314053
            ],
            [
              -24.315374199562434,
              16.479821458946045
            ],
            [
              -24.3157644,
              16.4802112
            ],
            [
              -24.3160476,
              16.4815687
            ],
            [
              -24.3161962,
              16.4822068
            ],
            [
              -24.3164864,
              16.482743
            ],
            [
              -24.316444,
              16.4832453
            ],
            [
              -24.3158423,
              16.483605
            ],
            [
              -24.3149646,
              16.4834692
            ],
            [
              -24.3145753,
              16.4833946
            ],
            [
              -24.3140939,
              16.4835507
            ],
            [
              -24.3135603,
              16.4835026
            ],
            [
              -24.3135277,
              16.4838629
            ],
            [
              -24.3129614,
              16.4839172
            ],
            [
              -24.3124518,
              16.4839172
            ],
            [
              -24.3120554,
              16.4838086
            ],
            [
              -24.3117156,
              16.4840869
            ],
            [
              -24.3116307,
              16.4844263
            ],
            [
              -24.3116873,
              16.4847453
            ],
            [
              -24.3112343,
              16.4849761
            ],
            [
              -24.3108874,
              16.48501
            ],
            [
              -24.3106538,
              16.4847724
            ],
            [
              -24.310484,
              16.484562
            ],
            [
              -24.3102362,
              16.4847249
            ],
            [
              -24.3098894,
              16.4844466
            ],
            [
              -24.3096558,
              16.4847046
            ],
            [
              -24.3093302,
              16.4847928
            ],
            [
              -24.3090754,
              16.4846435
            ],
            [
              -24.3089692,
              16.4844738
            ],
            [
              -24.3088489,
              16.4841751
            ],
            [
              -24.3086223,
              16.484148
            ],
            [
              -24.3082543,
              16.4841276
            ],
            [
              -24.3079216,
              16.483924
            ],
            [
              -24.3076031,
              16.4838968
            ],
            [
              -24.3074147,
              16.4841956
            ],
            [
              -24.3072279,
              16.4844195
            ],
            [
              -24.3069589,
              16.4844398
            ],
            [
              -24.3065484,
              16.484562
            ],
            [
              -24.3063856,
              16.484467
            ],
            [
              -24.305537,
              16.4849437
            ],
            [
              -24.30606079968025,
              16.485119713524636
            ],
            [
              -24.3063502,
              16.48501
            ],
            [
              -24.306512848480153,
              16.485271616447797
            ],
            [
              -24.3071303,
              16.4854791
            ],
            [
              -24.307059436299195,
              16.485935346629617
            ],
            [
              -24.3070793,
              16.4859874
            ],
            [
              -24.30703575238318,
              16.48608783241196
            ],
            [
              -24.3066914,
              16.4883049
            ],
            [
              -24.3064967,
              16.4887785
            ],
            [
              -24.3061357,
              16.4891586
            ],
            [
              -24.3060012,
              16.4894029
            ],
            [
              -24.3058384,
              16.4897355
            ],
            [
              -24.3049322,
              16.4900839
            ],
            [
              -24.3065346,
              16.4899754
            ],
            [
              -24.3078593,
              16.4906364
            ],
            [
              -24.308006574320565,
              16.491632283492567
            ],
            [
              -24.3082183,
              16.4920855
            ],
            [
              -24.3083371,
              16.4934616
            ],
            [
              -24.30832268812831,
              16.493769868479664
            ],
            [
              -24.3084695,
              16.4947626
            ],
            [
              -24.307726306941753,
              16.497151147105317
            ],
            [
              -24.3077003,
              16.4972972
            ],
            [
              -24.307674211183844,
              16.497318577587034
            ],
            [
              -24.3074363,
              16.4980832
            ],
            [
              -24.307240775967404,
              16.498711538780956
            ],
            [
              -24.3072998,
              16.4989575
            ],
            [
              -24.3072073,
              16.4996429
            ],
            [
              -24.3066836,
              16.5012322
            ],
            [
              -24.3062359,
              16.501941
            ],
            [
              -24.305583180125133,
              16.50243108460599
            ],
            [
              -24.3052416,
              16.5028983
            ],
            [
              -24.304724,
              16.5032824
            ],
            [
              -24.304389268435617,
              16.50332751470178
            ],
            [
              -24.303553835858555,
              16.5039547863096
            ],
            [
              -24.3037852,
              16.5055131
            ],
            [
              -24.303716854826444,
              16.506124955899782
            ],
            [
              -24.3046861,
              16.5078412
            ],
            [
              -24.304275263700003,
              16.50783596347359
            ],
            [
              -24.3042988,
              16.5078907
            ],
            [
              -24.3044714,
              16.5081034
            ],
            [
              -24.3044652,
              16.508452
            ],
            [
              -24.3043296,
              16.5090192
            ],
            [
              -24.3040215,
              16.5098168
            ],
            [
              -24.3034608,
              16.5101358
            ],
            [
              -24.3029099,
              16.5109072
            ],
            [
              -24.3023331,
              16.5116542
            ],
            [
              -24.3020065,
              16.5121445
            ],
            [
              -24.302062,
              16.5125699
            ],
            [
              -24.3016861,
              16.5128948
            ],
            [
              -24.3012486,
              16.5129598
            ],
            [
              -24.3005215,
              16.5125345
            ],
            [
              -24.3001148,
              16.5128594
            ],
            [
              -24.29947168643959,
              16.51264876835114
            ],
            [
              -24.2987351,
              16.5136845
            ],
            [
              -24.298438951679646,
              16.513794472689707
            ],
            [
              -24.2980813,
              16.5142596
            ],
            [
              -24.2975144,
              16.5152166
            ],
            [
              -24.2973665,
              16.5157247
            ],
            [
              -24.29725352434534,
              16.515816967977575
            ],
            [
              -24.2969623,
              16.5164929
            ],
            [
              -24.2968365,
              16.5169358
            ],
            [
              -24.2963189,
              16.5171072
            ],
            [
              -24.296399,
              16.5174085
            ],
            [
              -24.296276983317632,
              16.51776502633387
            ],
            [
              -24.2962698,
              16.5182858
            ],
            [
              -24.296007034337645,
              16.518282402168158
            ],
            [
              -24.29572056652796,
              16.518535604695835
            ],
            [
              -24.2955639,
              16.5211081
            ],
            [
              -24.295827,
              16.5213687
            ],
            [
              -24.2957618,
              16.521717
            ],
            [
              -24.295752,
              16.5230681
            ],
            [
              -24.2954304,
              16.5237582
            ],
            [
              -24.2953884,
              16.5244504
            ],
            [
              -24.295259,
              16.5249644
            ],
            [
              -24.294877,
              16.5252834
            ],
            [
              -24.2941367,
              16.5277819
            ],
            [
              -24.2937062,
              16.5283908
            ],
            [
              -24.2923074,
              16.5303638
            ],
            [
              -24.292443,
              16.5307006
            ],
            [
              -24.2920363,
              16.5315276
            ],
            [
              -24.2914632,
              16.5320002
            ],
            [
              -24.2909921,
              16.5322542
            ],
            [
              -24.29076415091433,
              16.532628506759888
            ],
            [
              -24.2909999,
              16.5326316
            ],
            [
              -24.291168175445996,
              16.533259940382653
            ],
            [
              -24.2914262,
              16.5337724
            ],
            [
              -24.2918576,
              16.5342981
            ],
            [
              -24.2919623,
              16.5349243
            ],
            [
              -24.2917608,
              16.5354728
            ],
            [
              -24.2915186,
              16.5360821
            ],
            [
              -24.2910503,
              16.5377421
            ],
            [
              -24.2909024,
              16.5386636
            ],
            [
              -24.2905943,
              16.5389471
            ],
            [
              -24.2905297,
              16.5393025
            ],
            [
              -24.2906067,
              16.5397032
            ],
            [
              -24.2905943,
              16.5402585
            ],
            [
              -24.2901247,
              16.5411254
            ],
            [
              -24.289597,
              16.5419268
            ],
            [
              -24.2892421,
              16.5423476
            ],
            [
              -24.2888638,
              16.5426386
            ],
            [
              -24.2884622,
              16.542737
            ],
            [
              -24.2879251,
              16.5428042
            ],
            [
              -24.2876076,
              16.5426878
            ],
            [
              -24.2871593,
              16.542849
            ],
            [
              -24.2866783,
              16.5434085
            ],
            [
              -24.285366,
              16.5439413
            ],
            [
              -24.2852259,
              16.5438652
            ],
            [
              -24.2845487,
              16.5440621
            ],
            [
              -24.2842312,
              16.5439413
            ],
            [
              -24.2841751,
              16.5436108
            ],
            [
              -24.2838763,
              16.5433324
            ],
            [
              -24.28367343561794,
              16.543038834288428
            ],
            [
              -24.2835159,
              16.5430875
            ],
            [
              -24.283970786969363,
              16.54544649465522
            ],
            [
              -24.2840677,
              16.5454365
            ],
            [
              -24.284042247858007,
              16.545817083099656
            ],
            [
              -24.284277126314347,
              16.54703513738665
            ],
            [
              -24.2844086,
              16.5472226
            ],
            [
              -24.2845627,
              16.5475942
            ],
            [
              -24.284511,
              16.5482483
            ],
            [
              -24.2844927,
              16.5484761
            ],
            [
              -24.2845347,
              16.5490983
            ],
            [
              -24.2845627,
              16.5495549
            ],
            [
              -24.2842966,
              16.5495728
            ],
            [
              -24.2840537,
              16.5496534
            ],
            [
              -24.2838763,
              16.5495549
            ],
            [
              -24.28371826567974,
              16.549658731430878
            ],
            [
              -24.28383703279866,
              16.550274621048366
            ],
            [
              -24.284007,
              16.5504681
            ],
            [
              -24.2840911,
              16.5509292
            ],
            [
              -24.283998108396496,
              16.551109909377647
            ],
            [
              -24.28419,
              16.552105
            ],
            [
              -24.284069853878044,
              16.552498081701636
            ],
            [
              -24.2840817,
              16.5525587
            ],
            [
              -24.284007,
              16.5529078
            ],
            [
              -24.284007,
              16.5533286
            ],
            [
              -24.2838436,
              16.5542105
            ],
            [
              -24.283554,
              16.5547834
            ],
            [
              -24.2834186,
              16.5553699
            ],
            [
              -24.2828535,
              16.5557235
            ],
            [
              -24.2821297,
              16.5556877
            ],
            [
              -24.281788132221234,
              16.555629116930437
            ],
            [
              -24.281711849455384,
              16.55570077231825
            ],
            [
              -24.2817327,
              16.5557727
            ],
            [
              -24.2818728,
              16.5559786
            ],
            [
              -24.282097,
              16.5561129
            ],
            [
              -24.2822324,
              16.5561443
            ],
            [
              -24.2821997,
              16.556292
            ],
            [
              -24.2821577,
              16.556395
            ],
            [
              -24.2817701,
              16.5563054
            ],
            [
              -24.2814759,
              16.5562741
            ],
            [
              -24.2813358,
              16.5563591
            ],
            [
              -24.2812937,
              16.5566322
            ],
            [
              -24.2810602,
              16.5569097
            ],
            [
              -24.281023147475167,
              16.55704434876176
            ],
            [
              -24.28125667825926,
              16.55851355587245
            ],
            [
              -24.2813021,
              16.5585272
            ],
            [
              -24.28126526189158,
              16.55856755789058
            ],
            [
              -24.28129528519322,
              16.55875644283107
            ],
            [
              -24.2813822,
              16.5588521
            ],
            [
              -24.281325658552095,
              16.558947530078996
            ],
            [
              -24.281330126929717,
              16.558975641885315
            ],
            [
              -24.2814007,
              16.5590558
            ],
            [
              -24.281349065886968,
              16.559094792132555
            ],
            [
              -24.2814737,
              16.5598789
            ],
            [
              -24.2813399,
              16.5601357
            ],
            [
              -24.2808048,
              16.5604407
            ],
            [
              -24.281336,
              16.5609311
            ],
            [
              -24.2813774,
              16.5609704
            ],
            [
              -24.28116050068436,
              16.561080817494354
            ],
            [
              -24.281029,
              16.561193
            ],
            [
              -24.2806958,
              16.5614418
            ],
            [
              -24.2805849,
              16.5613916
            ],
            [
              -24.280575611393576,
              16.561378568595003
            ],
            [
              -24.280187,
              16.5615764
            ],
            [
              -24.2797614,
              16.5620567
            ],
            [
              -24.2792745,
              16.5635133
            ],
            [
              -24.2789558,
              16.5637488
            ],
            [
              -24.2786151,
              16.5640984
            ],
            [
              -24.2782249,
              16.5642629
            ],
            [
              -24.277569,
              16.5642832
            ],
            [
              -24.276726,
              16.5648378
            ],
            [
              -24.2763761,
              16.5648709
            ],
            [
              -24.2758028,
              16.5656312
            ],
            [
              -24.275624,
              16.5658547
            ],
            [
              -24.2749656,
              16.565489
            ],
            [
              -24.2749575,
              16.5657369
            ],
            [
              -24.2747543,
              16.5657897
            ],
            [
              -24.2745918,
              16.565749
            ],
            [
              -24.273665,
              16.5655267
            ],
            [
              -24.2737181,
              16.5658059
            ],
            [
              -24.2734685,
              16.5658855
            ],
            [
              -24.2729825,
              16.5658141
            ],
            [
              -24.2726693,
              16.5656044
            ],
            [
              -24.2721008,
              16.5656533
            ],
            [
              -24.2719876,
              16.5658448
            ],
            [
              -24.2720921,
              16.566214
            ],
            [
              -24.2717674,
              16.5663487
            ],
            [
              -24.2714825,
              16.567657
            ],
            [
              -24.2711801,
              16.5682158
            ],
            [
              -24.2701362,
              16.5685887
            ],
            [
              -24.2701989,
              16.5688219
            ],
            [
              -24.2698995,
              16.5689524
            ],
            [
              -24.2697446,
              16.5688637
            ],
            [
              -24.2694175,
              16.5689907
            ],
            [
              -24.2689859,
              16.5690882
            ],
            [
              -24.2686231,
              16.569675
            ],
            [
              -24.2680861,
              16.5696381
            ],
            [
              -24.2681801,
              16.5700923
            ],
            [
              -24.2680008,
              16.5708181
            ],
            [
              -24.2675694,
              16.5713194
            ],
            [
              -24.2670958,
              16.5720624
            ],
            [
              -24.2673569,
              16.5722921
            ],
            [
              -24.2671927,
              16.5726682
            ],
            [
              -24.266894,
              16.5728995
            ],
            [
              -24.2667634,
              16.5737865
            ],
            [
              -24.2659374,
              16.5745314
            ],
            [
              -24.2657448,
              16.5757728
            ],
            [
              -24.2655963,
              16.5761928
            ],
            [
              -24.2648166,
              16.5768889
            ],
            [
              -24.2637144,
              16.5778264
            ],
            [
              -24.2635868,
              16.5781211
            ],
            [
              -24.2629672,
              16.5788799
            ],
            [
              -24.2626446,
              16.5788335
            ],
            [
              -24.2621434,
              16.5790377
            ],
            [
              -24.2621782,
              16.579525
            ],
            [
              -24.2617397,
              16.5798197
            ],
            [
              -24.2613429,
              16.5802559
            ],
            [
              -24.2606143,
              16.5809868
            ],
            [
              -24.2601135,
              16.5811917
            ],
            [
              -24.2590035,
              16.5812057
            ],
            [
              -24.2588052,
              16.5809398
            ],
            [
              -24.2575202,
              16.5801584
            ],
            [
              -24.2558798,
              16.5803653
            ],
            [
              -24.2549267,
              16.5803431
            ],
            [
              -24.2546828,
              16.5804762
            ],
            [
              -24.2541804,
              16.5803875
            ],
            [
              -24.2535671,
              16.580683
            ],
            [
              -24.252405,
              16.5808339
            ],
            [
              -24.2495945,
              16.5811542
            ],
            [
              -24.2470854,
              16.5809602
            ],
            [
              -24.2467494,
              16.5807838
            ],
            [
              -24.2457562,
              16.5810531
            ],
            [
              -24.245477,
              16.5814537
            ],
            [
              -24.2447966,
              16.5820183
            ],
            [
              -24.2441032,
              16.5834281
            ],
            [
              -24.2439679,
              16.5842783
            ],
            [
              -24.2425114,
              16.585876
            ],
            [
              -24.2424851,
              16.5861462
            ],
            [
              -24.2418238,
              16.586774
            ],
            [
              -24.2412717,
              16.5872224
            ],
            [
              -24.2413529,
              16.5875116
            ],
            [
              -24.2409925,
              16.5879569
            ],
            [
              -24.240666,
              16.5881307
            ],
            [
              -24.2403777,
              16.5879484
            ],
            [
              -24.2403649,
              16.5878
            ],
            [
              -24.2390714,
              16.5886054
            ],
            [
              -24.2388483,
              16.5889211
            ],
            [
              -24.2383668,
              16.5894057
            ],
            [
              -24.2379492,
              16.5896097
            ],
            [
              -24.2376622,
              16.5895212
            ],
            [
              -24.2373444,
              16.589553
            ],
            [
              -24.2372739,
              16.5899744
            ],
            [
              -24.2371649,
              16.5897245
            ],
            [
              -24.2368117,
              16.589748
            ],
            [
              -24.2365718,
              16.5899094
            ],
            [
              -24.2364017,
              16.5899962
            ],
            [
              -24.2364889,
              16.5903494
            ],
            [
              -24.2357416,
              16.5903331
            ],
            [
              -24.2354336,
              16.5905025
            ],
            [
              -24.2354815,
              16.5910732
            ],
            [
              -24.2350702,
              16.5907798
            ],
            [
              -24.2350308,
              16.5909048
            ],
            [
              -24.2352232,
              16.5911369
            ],
            [
              -24.2352042,
              16.5912892
            ],
            [
              -24.2347387,
              16.5913701
            ],
            [
              -24.2344867,
              16.5917873
            ],
            [
              -24.2343369,
              16.5921922
            ],
            [
              -24.2333453,
              16.592902
            ],
            [
              -24.2331445,
              16.5929748
            ],
            [
              -24.2329261,
              16.5930565
            ],
            [
              -24.2327452,
              16.5931001
            ],
            [
              -24.232556,
              16.5931572
            ],
            [
              -24.2323771,
              16.5932148
            ],
            [
              -24.232364,
              16.5932198
            ],
            [
              -24.2323511,
              16.593223
            ],
            [
              -24.2323383,
              16.5932259
            ],
            [
              -24.2323246,
              16.5932256
            ],
            [
              -24.2322795,
              16.5932239
            ],
            [
              -24.2322475,
              16.5932191
            ],
            [
              -24.2322357,
              16.5932176
            ],
            [
              -24.2322246,
              16.5932171
            ],
            [
              -24.2322144,
              16.5932158
            ],
            [
              -24.2322026,
              16.5932093
            ],
            [
              -24.2321947,
              16.5932001
            ],
            [
              -24.232183,
              16.5931993
            ],
            [
              -24.2321671,
              16.593201
            ],
            [
              -24.2321574,
              16.5932052
            ],
            [
              -24.2321388,
              16.5932239
            ],
            [
              -24.2321246,
              16.5932476
            ],
            [
              -24.232111,
              16.5932632
            ],
            [
              -24.232094,
              16.593275
            ],
            [
              -24.2320611,
              16.5932958
            ],
            [
              -24.2320491,
              16.5933024
            ],
            [
              -24.2320275,
              16.5933074
            ],
            [
              -24.2320065,
              16.5933045
            ],
            [
              -24.2319843,
              16.5932973
            ],
            [
              -24.2319539,
              16.593287
            ],
            [
              -24.2319373,
              16.5932817
            ],
            [
              -24.231918,
              16.5932792
            ],
            [
              -24.2318985,
              16.59328
            ],
            [
              -24.2318858,
              16.5932836
            ],
            [
              -24.2318502,
              16.5932904
            ],
            [
              -24.2317739,
              16.593311
            ],
            [
              -24.2316293,
              16.5933369
            ],
            [
              -24.2315305,
              16.5933486
            ],
            [
              -24.2314797,
              16.5933545
            ],
            [
              -24.2314527,
              16.5933597
            ],
            [
              -24.2314181,
              16.5933634
            ],
            [
              -24.231378,
              16.5933656
            ],
            [
              -24.2313209,
              16.5933781
            ],
            [
              -24.2312458,
              16.5934012
            ],
            [
              -24.231164,
              16.5934166
            ],
            [
              -24.2311023,
              16.5934243
            ],
            [
              -24.2310607,
              16.5934346
            ],
            [
              -24.2310191,
              16.5934438
            ],
            [
              -24.2309736,
              16.5934468
            ],
            [
              -24.2308858,
              16.5934461
            ],
            [
              -24.2308334,
              16.5934416
            ],
            [
              -24.230778,
              16.5934328
            ],
            [
              -24.2307279,
              16.5934247
            ],
            [
              -24.2306711,
              16.5934125
            ],
            [
              -24.2306432,
              16.593404
            ],
            [
              -24.2306139,
              16.5933923
            ],
            [
              -24.2305635,
              16.5933711
            ],
            [
              -24.2305157,
              16.5933483
            ],
            [
              -24.2304971,
              16.5933398
            ],
            [
              -24.2304863,
              16.5933341
            ],
            [
              -24.2304732,
              16.5933239
            ],
            [
              -24.2304608,
              16.5932965
            ],
            [
              -24.230456,
              16.5932735
            ],
            [
              -24.2304583,
              16.5932466
            ],
            [
              -24.2304607,
              16.5932198
            ],
            [
              -24.2304607,
              16.5931985
            ],
            [
              -24.230456,
              16.5931739
            ],
            [
              -24.2304466,
              16.5931515
            ],
            [
              -24.2304338,
              16.5931381
            ],
            [
              -24.2304128,
              16.5931224
            ],
            [
              -24.2304011,
              16.5931079
            ],
            [
              -24.2303932,
              16.5930984
            ],
            [
              -24.2303875,
              16.593089
            ],
            [
              -24.2303878,
              16.5930784
            ],
            [
              -24.2303955,
              16.5930694
            ],
            [
              -24.2304051,
              16.5930543
            ],
            [
              -24.2304024,
              16.5930403
            ],
            [
              -24.2303964,
              16.5930318
            ],
            [
              -24.2303848,
              16.593024
            ],
            [
              -24.2302587,
              16.5929792
            ],
            [
              -24.2294683,
              16.5922823
            ],
            [
              -24.2287157,
              16.5930681
            ],
            [
              -24.2284321,
              16.5931063
            ],
            [
              -24.2280726,
              16.5932803
            ],
            [
              -24.2245891,
              16.5936926
            ],
            [
              -24.2221517,
              16.5943058
            ],
            [
              -24.2220092,
              16.594037
            ],
            [
              -24.2218084,
              16.5940169
            ],
            [
              -24.2216495,
              16.5942359
            ],
            [
              -24.2211108,
              16.5940369
            ],
            [
              -24.2209644,
              16.5940486
            ],
            [
              -24.2208238,
              16.5942184
            ],
            [
              -24.220329,
              16.5942125
            ],
            [
              -24.2200392,
              16.5940251
            ],
            [
              -24.2194917,
              16.5939871
            ],
            [
              -24.2187598,
              16.5941627
            ],
            [
              -24.2184641,
              16.5940398
            ],
            [
              -24.2179576,
              16.5939754
            ],
            [
              -24.2176443,
              16.5935186
            ],
            [
              -24.2171846,
              16.5932551
            ],
            [
              -24.2166983,
              16.5933322
            ],
            [
              -24.2165376,
              16.5935655
            ],
            [
              -24.2164234,
              16.593788
            ],
            [
              -24.2159023,
              16.593788
            ],
            [
              -24.2153109,
              16.5939461
            ],
            [
              -24.2150679,
              16.5940778
            ],
            [
              -24.2147312,
              16.5938143
            ],
            [
              -24.2044765,
              16.5928746
            ],
            [
              -24.2037038,
              16.5909343
            ],
            [
              -24.2013151,
              16.5900009
            ],
            [
              -24.2010446,
              16.5902545
            ],
            [
              -24.1999845,
              16.5897255
            ],
            [
              -24.1981166,
              16.5897003
            ],
            [
              -24.1973086,
              16.5902042
            ],
            [
              -24.1962468,
              16.5898043
            ],
            [
              -24.1962355,
              16.5905764
            ],
            [
              -24.1957019,
              16.5905692
            ],
            [
              -24.1956944,
              16.5910838
            ],
            [
              -24.1911542,
              16.5912798
            ],
            [
              -24.1906466,
              16.5894713
            ],
            [
              -24.1878301,
              16.5904628
            ],
            [
              -24.1876887,
              16.5909755
            ],
            [
              -24.1828798,
              16.5912961
            ],
            [
              -24.1820849,
              16.5908997
            ],
            [
              -24.1820775,
              16.5914144
            ],
            [
              -24.1794164,
              16.5908636
            ],
            [
              -24.1786328,
              16.5896943
            ],
            [
              -24.1778322,
              16.5896833
            ],
            [
              -24.1772778,
              16.591092
            ],
            [
              -24.1706124,
              16.5906147
            ],
            [
              -24.1690036,
              16.5911076
            ],
            [
              -24.1676827,
              16.5901893
            ],
            [
              -24.1676638,
              16.591476
            ],
            [
              -24.1673969,
              16.5914722
            ],
            [
              -24.1674196,
              16.5899283
            ],
            [
              -24.1663559,
              16.5896565
            ],
            [
              -24.1658354,
              16.5887482
            ],
            [
              -24.1653036,
              16.5886127
            ],
            [
              -24.165182,
              16.5878389
            ],
            [
              -24.1642552,
              16.5873116
            ],
            [
              -24.1636075,
              16.5860158
            ],
            [
              -24.1613538,
              16.5849555
            ],
            [
              -24.1613614,
              16.5844409
            ],
            [
              -24.1593758,
              16.5833843
            ],
            [
              -24.1588571,
              16.5823479
            ],
            [
              -24.1589978,
              16.5818349
            ],
            [
              -24.1576674,
              16.5815594
            ],
            [
              -24.157675,
              16.5810447
            ],
            [
              -24.1557995,
              16.5815338
            ],
            [
              -24.1556742,
              16.5810175
            ],
            [
              -24.1531709,
              16.578795
            ],
            [
              -24.1499898,
              16.5773365
            ],
            [
              -24.1499974,
              16.5768219
            ],
            [
              -24.1481297,
              16.5767962
            ],
            [
              -24.1481373,
              16.5762815
            ],
            [
              -24.1462733,
              16.5759986
            ],
            [
              -24.1462809,
              16.575484
            ],
            [
              -24.1446799,
              16.575462
            ],
            [
              -24.1446723,
              16.5759767
            ],
            [
              -24.1441501,
              16.5751974
            ],
            [
              -24.1436166,
              16.5751901
            ],
            [
              -24.1436088,
              16.5757047
            ],
            [
              -24.1417392,
              16.5758073
            ],
            [
              -24.1414763,
              16.5755463
            ],
            [
              -24.1406701,
              16.5759217
            ],
            [
              -24.1404223,
              16.5746316
            ],
            [
              -24.1345865,
              16.5722349
            ],
            [
              -24.1346094,
              16.5706911
            ],
            [
              -24.1335402,
              16.5708045
            ],
            [
              -24.1329742,
              16.5729848
            ],
            [
              -24.1317893,
              16.5719391
            ],
            [
              -24.1323495,
              16.5701453
            ],
            [
              -24.1319528,
              16.5698824
            ],
            [
              -24.1319451,
              16.570397
            ],
            [
              -24.1306092,
              16.5705068
            ],
            [
              -24.1303214,
              16.5719188
            ],
            [
              -24.1297878,
              16.5719115
            ],
            [
              -24.1297801,
              16.5724261
            ],
            [
              -24.1271235,
              16.5716174
            ],
            [
              -24.1266109,
              16.5701942
            ],
            [
              -24.1260791,
              16.5700587
            ],
            [
              -24.1262206,
              16.569546
            ],
            [
              -24.1255818,
              16.5676064
            ],
            [
              -24.1250502,
              16.5674709
            ],
            [
              -24.1241358,
              16.5661714
            ],
            [
              -24.1241511,
              16.5651423
            ],
            [
              -24.1230953,
              16.5643554
            ],
            [
              -24.1225846,
              16.5628043
            ],
            [
              -24.1216582,
              16.5622766
            ],
            [
              -24.1217958,
              16.5620213
            ],
            [
              -24.1211494,
              16.5605964
            ],
            [
              -24.1179555,
              16.5600374
            ],
            [
              -24.1174353,
              16.55913
            ],
            [
              -24.1162467,
              16.5583415
            ],
            [
              -24.1161435,
              16.556281
            ],
            [
              -24.1177442,
              16.5563033
            ],
            [
              -24.1177557,
              16.5555312
            ],
            [
              -24.1161551,
              16.5555091
            ],
            [
              -24.1158978,
              16.5548618
            ],
            [
              -24.1142989,
              16.5547113
            ],
            [
              -24.1144444,
              16.5539412
            ],
            [
              -24.1137788,
              16.5538028
            ],
            [
              -24.1121666,
              16.5545526
            ],
            [
              -24.1113798,
              16.5536414
            ],
            [
              -24.1100439,
              16.5537512
            ],
            [
              -24.108472,
              16.5517996
            ],
            [
              -24.1076659,
              16.552174
            ],
            [
              -24.1044703,
              16.551744
            ],
            [
              -24.1043104,
              16.5535433
            ],
            [
              -24.1028255,
              16.5546803
            ],
            [
              -24.1006911,
              16.5546507
            ],
            [
              -24.099912,
              16.5532247
            ],
            [
              -24.0993785,
              16.5532173
            ],
            [
              -24.0996529,
              16.5527064
            ],
            [
              -24.0969908,
              16.5522829
            ],
            [
              -24.0945841,
              16.5526357
            ],
            [
              -24.0945996,
              16.5516066
            ],
            [
              -24.0935323,
              16.5515917
            ],
            [
              -24.0933724,
              16.553391
            ],
            [
              -24.092156,
              16.5544035
            ],
            [
              -24.091872,
              16.5555571
            ],
            [
              -24.0908124,
              16.5550275
            ],
            [
              -24.0905115,
              16.5551316
            ],
            [
              -24.0886667,
              16.5557697
            ],
            [
              -24.0849394,
              16.5552029
            ],
            [
              -24.0844388,
              16.5530088
            ],
            [
              -24.082817,
              16.554401
            ],
            [
              -24.0824191,
              16.5542672
            ],
            [
              -24.0825752,
              16.5527253
            ],
            [
              -24.0820417,
              16.5527178
            ],
            [
              -24.0815314,
              16.5511666
            ],
            [
              -24.0807312,
              16.5511553
            ],
            [
              -24.0807389,
              16.5506407
            ],
            [
              -24.0788714,
              16.5506146
            ],
            [
              -24.0788792,
              16.5500999
            ],
            [
              -24.0772689,
              16.5507202
            ],
            [
              -24.0746051,
              16.5504256
            ],
            [
              -24.0730084,
              16.5501459
            ],
            [
              -24.0716726,
              16.5502562
            ],
            [
              -24.0716648,
              16.5507707
            ],
            [
              -24.0709945,
              16.5510187
            ],
            [
              -24.0711196,
              16.5515352
            ],
            [
              -24.070586,
              16.5515276
            ],
            [
              -24.0706017,
              16.5504985
            ],
            [
              -24.0684694,
              16.5503394
            ],
            [
              -24.0676556,
              16.551229
            ],
            [
              -24.0668514,
              16.5514751
            ],
            [
              -24.0668591,
              16.5509604
            ],
            [
              -24.0649839,
              16.5514488
            ],
            [
              -24.0649761,
              16.5519635
            ],
            [
              -24.0623065,
              16.552054
            ],
            [
              -24.0604312,
              16.5525422
            ],
            [
              -24.0565188,
              16.5554469
            ],
            [
              -24.0555473,
              16.5578777
            ],
            [
              -24.0531464,
              16.5578436
            ],
            [
              -24.0524976,
              16.5566769
            ],
            [
              -24.050508,
              16.5558767
            ],
            [
              -24.0505159,
              16.5553621
            ],
            [
              -24.0486484,
              16.5553356
            ],
            [
              -24.0486564,
              16.5548212
            ],
            [
              -24.0465163,
              16.5551763
            ],
            [
              -24.045965,
              16.5563271
            ],
            [
              -24.0427501,
              16.5571816
            ],
            [
              -24.0408924,
              16.5565123
            ],
            [
              -24.0406454,
              16.555222
            ],
            [
              -24.0393135,
              16.555074
            ],
            [
              -24.0379934,
              16.5541549
            ],
            [
              -24.0370916,
              16.5520835
            ],
            [
              -24.0372678,
              16.5492551
            ],
            [
              -24.0367344,
              16.5492475
            ],
            [
              -24.0364479,
              16.5505301
            ],
            [
              -24.0334959,
              16.5516458
            ],
            [
              -24.0317487,
              16.5514006
            ],
            [
              -24.0273721,
              16.5507864
            ],
            [
              -24.0250343,
              16.5496173
            ],
            [
              -24.0244596,
              16.5493299
            ],
            [
              -24.0244674,
              16.5488153
            ],
            [
              -24.0209858,
              16.5496658
            ],
            [
              -24.0207051,
              16.550563
            ],
            [
              -24.0185613,
              16.5511752
            ],
            [
              -24.0160019,
              16.5528117
            ],
            [
              -24.0159582,
              16.555642
            ],
            [
              -24.0151183,
              16.5582033
            ],
            [
              -24.0155061,
              16.5589809
            ],
            [
              -24.0144489,
              16.558322
            ],
            [
              -24.0138936,
              16.5597299
            ],
            [
              -24.01336,
              16.5597221
            ],
            [
              -24.0132034,
              16.561264
            ],
            [
              -24.012532,
              16.5615118
            ],
            [
              -24.0125161,
              16.5625409
            ],
            [
              -24.0117178,
              16.5624002
            ],
            [
              -24.0110215,
              16.5643209
            ],
            [
              -24.0098087,
              16.5650753
            ],
            [
              -24.0098008,
              16.56559
            ],
            [
              -24.0088635,
              16.5658338
            ],
            [
              -24.0088197,
              16.5686641
            ],
            [
              -24.0080036,
              16.5696817
            ],
            [
              -24.0083912,
              16.5704592
            ],
            [
              -24.0089248,
              16.570467
            ],
            [
              -24.0086502,
              16.5709776
            ],
            [
              -24.0097093,
              16.5715076
            ],
            [
              -24.0096974,
              16.5722795
            ],
            [
              -24.0104939,
              16.5725482
            ],
            [
              -24.010337,
              16.5740899
            ],
            [
              -24.0107288,
              16.5746102
            ],
            [
              -24.0112623,
              16.574618
            ],
            [
              -24.0112544,
              16.5751326
            ],
            [
              -24.0133808,
              16.5756777
            ],
            [
              -24.0148129,
              16.5780145
            ],
            [
              -24.0151928,
              16.5793065
            ],
            [
              -24.0170642,
              16.5790761
            ],
            [
              -24.0173033,
              16.5808809
            ],
            [
              -24.0186452,
              16.5803855
            ],
            [
              -24.0186373,
              16.5808999
            ],
            [
              -24.0202421,
              16.5806656
            ],
            [
              -24.0207955,
              16.5793868
            ],
            [
              -24.021329,
              16.5793946
            ],
            [
              -24.0216996,
              16.5782105
            ],
            [
              -24.0218904,
              16.5776011
            ],
            [
              -24.0229614,
              16.577359
            ],
            [
              -24.0219886,
              16.5799187
            ],
            [
              -24.0232789,
              16.5827678
            ],
            [
              -24.0231094,
              16.5850816
            ],
            [
              -24.0257993,
              16.5837041
            ],
            [
              -24.0284732,
              16.5833569
            ],
            [
              -24.0287242,
              16.5843898
            ],
            [
              -24.0300563,
              16.5845371
            ],
            [
              -24.031673,
              16.5835308
            ],
            [
              -24.0356809,
              16.5832023
            ],
            [
              -24.0364498,
              16.5852721
            ],
            [
              -24.0369833,
              16.5852796
            ],
            [
              -24.0369756,
              16.5857943
            ],
            [
              -24.0377325,
              16.5886359
            ],
            [
              -24.0390115,
              16.5922569
            ],
            [
              -24.0400788,
              16.5922723
            ],
            [
              -24.0397962,
              16.5932976
            ],
            [
              -24.0408675,
              16.5930555
            ],
            [
              -24.0408752,
              16.5925408
            ],
            [
              -24.0416719,
              16.5928096
            ],
            [
              -24.0416639,
              16.593324
            ],
            [
              -24.0424606,
              16.5935928
            ],
            [
              -24.0420449,
              16.5946162
            ],
            [
              -24.0421621,
              16.5956474
            ],
            [
              -24.042429,
              16.5956512
            ],
            [
              -24.042425,
              16.5959084
            ],
            [
              -24.0431744,
              16.5992647
            ],
            [
              -24.0434411,
              16.5992685
            ],
            [
              -24.0434333,
              16.5997829
            ],
            [
              -24.0436923,
              16.6003014
            ],
            [
              -24.0452853,
              16.6008387
            ],
            [
              -24.0452736,
              16.6016106
            ],
            [
              -24.0466038,
              16.6018869
            ],
            [
              -24.0465959,
              16.6024015
            ],
            [
              -24.0484657,
              16.6022989
            ],
            [
              -24.051913,
              16.6037636
            ],
            [
              -24.0516384,
              16.6042745
            ],
            [
              -24.0532394,
              16.6042972
            ],
            [
              -24.0532315,
              16.6048118
            ],
            [
              -24.0537652,
              16.6048194
            ],
            [
              -24.0569415,
              16.6055536
            ],
            [
              -24.056976,
              16.6073024
            ],
            [
              -24.0608126,
              16.607837
            ],
            [
              -24.0630271,
              16.6093093
            ],
            [
              -24.0647351,
              16.6089639
            ],
            [
              -24.067825,
              16.6096301
            ],
            [
              -24.0709922,
              16.6114067
            ],
            [
              -24.0731723,
              16.6109625
            ],
            [
              -24.0774638,
              16.6119001
            ],
            [
              -24.0813004,
              16.6123607
            ],
            [
              -24.0822241,
              16.6113975
            ],
            [
              -24.0824909,
              16.6114013
            ],
            [
              -24.0825064,
              16.6103722
            ],
            [
              -24.083307,
              16.6103834
            ],
            [
              -24.0838096,
              16.6124493
            ],
            [
              -24.0854031,
              16.6129865
            ],
            [
              -24.0856582,
              16.6137619
            ],
            [
              -24.0867257,
              16.6137771
            ],
            [
              -24.0867334,
              16.6132624
            ],
            [
              -24.0872613,
              16.6136553
            ],
            [
              -24.08993,
              16.6136928
            ],
            [
              -24.091274,
              16.6130687
            ],
            [
              -24.0912662,
              16.6135833
            ],
            [
              -24.0926006,
              16.613602
            ],
            [
              -24.0925928,
              16.6141165
            ],
            [
              -24.0928597,
              16.6141203
            ],
            [
              -24.0955204,
              16.6146723
            ],
            [
              -24.097116,
              16.6150802
            ],
            [
              -24.1000494,
              16.6152503
            ],
            [
              -24.1000534,
              16.6149931
            ],
            [
              -24.1013247,
              16.6137672
            ],
            [
              -24.1025779,
              16.6149433
            ],
            [
              -24.1077191,
              16.6145896
            ],
            [
              -24.1085173,
              16.6129365
            ],
            [
              -24.1096675,
              16.6142524
            ],
            [
              -24.1114699,
              16.6144827
            ],
            [
              -24.1128861,
              16.6128378
            ],
            [
              -24.1135813,
              16.6144827
            ],
            [
              -24.1160361,
              16.6163415
            ],
            [
              -24.118405,
              16.6167692
            ],
            [
              -24.1207911,
              16.6182414
            ],
            [
              -24.1221043,
              16.6178713
            ],
            [
              -24.123306,
              16.6190392
            ],
            [
              -24.1233317,
              16.6200672
            ],
            [
              -24.1246106,
              16.6207416
            ],
            [
              -24.1255976,
              16.6194175
            ],
            [
              -24.1266019,
              16.6211693
            ],
            [
              -24.1271042,
              16.6207745
            ],
            [
              -24.1281234,
              16.620466
            ],
            [
              -24.1290937,
              16.6207623
            ],
            [
              -24.1303183,
              16.6211282
            ],
            [
              -24.1313912,
              16.6188747
            ],
            [
              -24.1334597,
              16.6181262
            ],
            [
              -24.1346699,
              16.6168926
            ],
            [
              -24.1356227,
              16.6147377
            ],
            [
              -24.1380259,
              16.6125746
            ],
            [
              -24.1403605,
              16.6119824
            ],
            [
              -24.1463172,
              16.6117932
            ],
            [
              -24.1538016,
              16.6138905
            ],
            [
              -24.15896,
              16.6148775
            ],
            [
              -24.1605565,
              16.6147459
            ],
            [
              -24.1638695,
              16.6163086
            ],
            [
              -24.1715085,
              16.6219342
            ],
            [
              -24.1752679,
              16.6285465
            ],
            [
              -24.1776625,
              16.6306601
            ],
            [
              -24.179877,
              16.6300844
            ],
            [
              -24.1879193,
              16.6328477
            ],
            [
              -24.1889274,
              16.6342316
            ],
            [
              -24.1894538,
              16.6347534
            ],
            [
              -24.1899837,
              16.635018
            ],
            [
              -24.1900554,
              16.6352352
            ],
            [
              -24.1902395,
              16.6357935
            ],
            [
              -24.1918267,
              16.6363275
            ],
            [
              -24.1966156,
              16.6379388
            ],
            [
              -24.196608,
              16.6384535
            ],
            [
              -24.1982096,
              16.638475
            ],
            [
              -24.198202,
              16.6389898
            ],
            [
              -24.2000743,
              16.6387578
            ],
            [
              -24.200078,
              16.6385003
            ],
            [
              -24.2003449,
              16.6385039
            ],
            [
              -24.1998584,
              16.6369267
            ],
            [
              -24.2030598,
              16.6370665
            ],
            [
              -24.2070217,
              16.6383367
            ],
            [
              -24.2070179,
              16.6385939
            ],
            [
              -24.2072848,
              16.6385975
            ],
            [
              -24.2078187,
              16.6386047
            ],
            [
              -24.2086008,
              16.6399021
            ],
            [
              -24.2117891,
              16.6409745
            ],
            [
              -24.2120374,
              16.6422648
            ],
            [
              -24.2141616,
              16.6430654
            ],
            [
              -24.2141355,
              16.6448668
            ],
            [
              -24.2151846,
              16.6461677
            ],
            [
              -24.2160062,
              16.6459807
            ],
            [
              -24.2170718,
              16.6449061
            ],
            [
              -24.2192073,
              16.6449348
            ],
            [
              -24.221356,
              16.6447489
            ],
            [
              -24.2220947,
              16.6452103
            ],
            [
              -24.2237141,
              16.6453648
            ],
            [
              -24.2243659,
              16.6453489
            ],
            [
              -24.2250725,
              16.6455281
            ],
            [
              -24.2250688,
              16.6457855
            ],
            [
              -24.2256027,
              16.6457927
            ],
            [
              -24.2268641,
              16.6456288
            ],
            [
              -24.2300061,
              16.6437357
            ],
            [
              -24.2302038,
              16.6436166
            ],
            [
              -24.2315979,
              16.6433586
            ],
            [
              -24.2328474,
              16.6418452
            ],
            [
              -24.2349591,
              16.6395223
            ],
            [
              -24.2361382,
              16.6388536
            ],
            [
              -24.2374756,
              16.6381673
            ],
            [
              -24.2389187,
              16.6380089
            ],
            [
              -24.240872,
              16.6373754
            ],
            [
              -24.244022,
              16.6375337
            ],
            [
              -24.2446405,
              16.6377861
            ],
            [
              -24.246433,
              16.6371114
            ],
            [
              -24.2481575,
              16.637217
            ],
            [
              -24.2497238,
              16.6369882
            ],
            [
              -24.2518503,
              16.6361578
            ],
            [
              -24.2541763,
              16.638041
            ],
            [
              -24.2556783,
              16.6371775
            ],
            [
              -24.2570621,
              16.6377625
            ],
            [
              -24.2588884,
              16.6378025
            ],
            [
              -24.2603705,
              16.6393463
            ],
            [
              -24.2617809,
              16.6394966
            ],
            [
              -24.2633973,
              16.6386072
            ],
            [
              -24.2646115,
              16.6385192
            ],
            [
              -24.2658786,
              16.6377097
            ],
            [
              -24.2664673,
              16.637819
            ],
            [
              -24.2673296,
              16.6381081
            ],
            [
              -24.267568,
              16.6365131
            ],
            [
              -24.2686388,
              16.6362153
            ],
            [
              -24.2691518,
              16.6353692
            ],
            [
              -24.270118,
              16.635289
            ],
            [
              -24.2712799,
              16.6321326
            ],
            [
              -24.2712692,
              16.631909
            ],
            [
              -24.2713201,
              16.6316726
            ],
            [
              -24.271474856033468,
              16.631549869315357
            ],
            [
              -24.2715627,
              16.6311633
            ],
            [
              -24.2731878,
              16.6307547
            ],
            [
              -24.27396633165812,
              16.63098070405273
            ],
            [
              -24.2739782,
              16.6309761
            ],
            [
              -24.2741311,
              16.6309144
            ],
            [
              -24.2744449,
              16.6309273
            ],
            [
              -24.2745093,
              16.6309915
            ],
            [
              -24.274543641103815,
              16.631148294250313
            ],
            [
              -24.2749591,
              16.6312689
            ],
            [
              -24.2756982,
              16.6302658
            ],
            [
              -24.27693,
              16.6305573
            ],
            [
              -24.2803833,
              16.6316829
            ],
            [
              -24.2807642,
              16.6318885
            ],
            [
              -24.2811638,
              16.63213
            ],
            [
              -24.2814213,
              16.632238
            ],
            [
              -24.2816708,
              16.6322508
            ],
            [
              -24.2822072,
              16.6324307
            ],
            [
              -24.282293,
              16.6325181
            ],
            [
              -24.2823413,
              16.6326826
            ],
            [
              -24.28258,
              16.632865
            ],
            [
              -24.282608510052185,
              16.632950871821635
            ],
            [
              -24.2836524,
              16.6334862
            ],
            [
              -24.2865173,
              16.635286
            ],
            [
              -24.286749326567488,
              16.637481153783295
            ],
            [
              -24.2867804,
              16.6375141
            ],
            [
              -24.2868394,
              16.6376529
            ],
            [
              -24.2868206,
              16.637843
            ],
            [
              -24.28679226185427,
              16.637887355358533
            ],
            [
              -24.28697322781449,
              16.639599435645373
            ],
            [
              -24.2870486,
              16.6397191
            ],
            [
              -24.2873651,
              16.639881
            ],
            [
              -24.2876414,
              16.640084
            ],
            [
              -24.287691406681937,
              16.640150989705038
            ],
            [
              -24.2879507,
              16.6402696
            ],
            [
              -24.287919865366185,
              16.640499149833026
            ],
            [
              -24.2880705,
              16.6409192
            ],
            [
              -24.2879445,
              16.6410991
            ],
            [
              -24.2868553,
              16.642426
            ],
            [
              -24.2869784,
              16.6437106
            ],
            [
              -24.2878583,
              16.6442561
            ],
            [
              -24.2920504,
              16.6454412
            ],
            [
              -24.294021,
              16.6443589
            ],
            [
              -24.2956669,
              16.6454093
            ],
            [
              -24.2980374,
              16.6458501
            ],
            [
              -24.299895,
              16.6478102
            ],
            [
              -24.3001394,
              16.649059
            ],
            [
              -24.3004222,
              16.6505039
            ],
            [
              -24.300539,
              16.6520737
            ],
            [
              -24.3002865,
              16.6527493
            ],
            [
              -24.3004096,
              16.6529329
            ],
            [
              -24.3013259,
              16.6520551
            ],
            [
              -24.3017046,
              16.6522964
            ],
            [
              -24.3021723,
              16.6528013
            ],
            [
              -24.3019239,
              16.6546193
            ],
            [
              -24.3024271,
              16.6557701
            ],
            [
              -24.3029181,
              16.6556854
            ],
            [
              -24.3031968,
              16.6556373
            ],
            [
              -24.3032785,
              16.6558452
            ],
            [
              -24.3036613,
              16.6561663
            ],
            [
              -24.3040803,
              16.6562461
            ],
            [
              -24.3041938,
              16.6565556
            ],
            [
              -24.3056913,
              16.6560308
            ],
            [
              -24.3067826,
              16.6559565
            ],
            [
              -24.3073543,
              16.6559936
            ],
            [
              -24.3073335,
              16.6562242
            ],
            [
              -24.307681,
              16.6563723
            ],
            [
              -24.3074905,
              16.6566507
            ],
            [
              -24.3075547,
              16.6568251
            ],
            [
              -24.3079408,
              16.6565876
            ],
            [
              -24.3081709,
              16.657471
            ],
            [
              -24.3085941,
              16.6574116
            ],
            [
              -24.3084753,
              16.6578051
            ],
            [
              -24.3082081,
              16.6579759
            ],
            [
              -24.3079703,
              16.6581612
            ],
            [
              -24.3077032,
              16.6586812
            ],
            [
              -24.3081932,
              16.6588816
            ],
            [
              -24.3080967,
              16.6592528
            ],
            [
              -24.3079183,
              16.6592453
            ],
            [
              -24.3078591,
              16.6594978
            ],
            [
              -24.3071984,
              16.6597948
            ],
            [
              -24.3075028,
              16.659869
            ],
            [
              -24.30875,
              16.6595498
            ],
            [
              -24.3092426,
              16.6597474
            ],
            [
              -24.3086994,
              16.6605302
            ],
            [
              -24.3100379,
              16.6602901
            ],
            [
              -24.3105838,
              16.6608713
            ],
            [
              -24.3103833,
              16.6615469
            ],
            [
              -24.310903,
              16.6611237
            ],
            [
              -24.3113707,
              16.6615617
            ],
            [
              -24.3115638,
              16.6621853
            ],
            [
              -24.3114153,
              16.6625714
            ],
            [
              -24.3108956,
              16.6628238
            ],
            [
              -24.3105213,
              16.6638999
            ],
            [
              -24.3113223,
              16.6639103
            ],
            [
              -24.3115786,
              16.6646859
            ],
            [
              -24.3133987,
              16.6658933
            ],
            [
              -24.3142076,
              16.6656495
            ],
            [
              -24.3143295,
              16.6660041
            ],
            [
              -24.3138268,
              16.6662593
            ],
            [
              -24.3140857,
              16.6668961
            ],
            [
              -24.3144791,
              16.6672396
            ],
            [
              -24.3148946,
              16.6672673
            ],
            [
              -24.3146785,
              16.6680762
            ],
            [
              -24.3152492,
              16.6678213
            ],
            [
              -24.3154394,
              16.6683783
            ],
            [
              -24.3157976,
              16.6682978
            ],
            [
              -24.3157963,
              16.6686014
            ],
            [
              -24.3160414,
              16.6688629
            ],
            [
              -24.3162686,
              16.669151
            ],
            [
              -24.3164348,
              16.6694114
            ],
            [
              -24.3166841,
              16.6694834
            ],
            [
              -24.3171882,
              16.6689183
            ],
            [
              -24.3175436,
              16.669226
            ],
            [
              -24.318096,
              16.6705374
            ],
            [
              -24.3189436,
              16.6708766
            ],
            [
              -24.319244,
              16.671411
            ],
            [
              -24.3196303,
              16.6714932
            ],
            [
              -24.3199146,
              16.6713596
            ],
            [
              -24.3203652,
              16.6711643
            ],
            [
              -24.3208372,
              16.671005
            ],
            [
              -24.321098,
              16.6709356
            ],
            [
              -24.32132,
              16.6710307
            ],
            [
              -24.321539,
              16.6713398
            ],
            [
              -24.3216272,
              16.6717658
            ],
            [
              -24.3215537,
              16.6722586
            ],
            [
              -24.3224431,
              16.6723542
            ],
            [
              -24.3229513,
              16.6725551
            ],
            [
              -24.3235015,
              16.672729
            ],
            [
              -24.3240284,
              16.671925
            ],
            [
              -24.3293828,
              16.6733895
            ],
            [
              -24.3298226,
              16.6731942
            ],
            [
              -24.3302357,
              16.6729373
            ],
            [
              -24.3303775,
              16.6727406
            ],
            [
              -24.3305668,
              16.6726898
            ],
            [
              -24.3306668,
              16.6726298
            ],
            [
              -24.331063,
              16.6726463
            ],
            [
              -24.3314935,
              16.6727936
            ],
            [
              -24.3317135,
              16.6730682
            ],
            [
              -24.3316996,
              16.6733983
            ],
            [
              -24.3314433,
              16.6741132
            ],
            [
              -24.3318357,
              16.6742202
            ],
            [
              -24.3320152,
              16.6734827
            ],
            [
              -24.3323202,
              16.6733259
            ],
            [
              -24.3326793,
              16.6730611
            ],
            [
              -24.3329938,
              16.6729321
            ],
            [
              -24.3331241,
              16.6729853
            ],
            [
              -24.3334734,
              16.6729135
            ],
            [
              -24.3342473,
              16.6732915
            ],
            [
              -24.3343685,
              16.6735554
            ],
            [
              -24.3349926,
              16.6747157
            ],
            [
              -24.3344115,
              16.6772578
            ],
            [
              -24.3347214,
              16.6789835
            ],
            [
              -24.3383393,
              16.6798316
            ],
            [
              -24.3399432,
              16.6797239
            ],
            [
              -24.3399501,
              16.6792092
            ],
            [
              -24.3402172,
              16.6792126
            ],
            [
              -24.34021,
              16.6797275
            ],
            [
              -24.342072,
              16.6802661
            ],
            [
              -24.3420649,
              16.6807808
            ],
            [
              -24.3433964,
              16.6810554
            ],
            [
              -24.3434036,
              16.6805406
            ],
            [
              -24.3444752,
              16.6802969
            ],
            [
              -24.3444894,
              16.6792674
            ],
            [
              -24.3452939,
              16.6790204
            ],
            [
              -24.3453011,
              16.6785058
            ],
            [
              -24.345568,
              16.6785092
            ],
            [
              -24.3472345,
              16.6767197
            ],
            [
              -24.3494427,
              16.6753466
            ],
            [
              -24.3509898,
              16.6726583
            ],
            [
              -24.3563563,
              16.6707959
            ],
            [
              -24.3563999,
              16.6704158
            ],
            [
              -24.3564861,
              16.670221
            ],
            [
              -24.3565231,
              16.6700794
            ],
            [
              -24.3565478,
              16.6699259
            ],
            [
              -24.3566094,
              16.669796
            ],
            [
              -24.3566957,
              16.669796
            ],
            [
              -24.3567634,
              16.6699141
            ],
            [
              -24.3568436,
              16.6700026
            ],
            [
              -24.3570038,
              16.6700144
            ],
            [
              -24.3571578,
              16.6700026
            ],
            [
              -24.3573119,
              16.6699023
            ],
            [
              -24.3574598,
              16.6697016
            ],
            [
              -24.3576323,
              16.6696189
            ],
            [
              -24.3577371,
              16.6696366
            ],
            [
              -24.3578172,
              16.6694595
            ],
            [
              -24.3579527,
              16.6691998
            ],
            [
              -24.3580328,
              16.6691703
            ]
          ]
        ]
      }
    },
    {
      "type": "Feature",
      "id": "CV-SAO-NICOLAU-CV-TS",
      "properties": {
        "shapeName": "Tarrafal de São Nicolau",
        "shapeISO": "CV-TS",
        "shapeID": "35879248B27983455382142",
        "shapeGroup": "CPV",
        "shapeType": "ADM1",
        "sourceURL": "https://github.com/wmgeolab/geoBoundaries/raw/9469f09/releaseData/gbOpen/CPV/ADM1/geoBoundaries-CPV-ADM1.geojson",
        "sourceSHA256": "1f5178861c917ff24e9e66301dc02c4285e7b4b4a952d2e82c1835ff86dd72ba",
        "license": "ODbL-1.0",
        "licenseURL": "https://opendatacommons.org/licenses/odbl/1-0/",
        "attribution": "© OpenStreetMap contributors; Wambacher; geoBoundaries",
        "attributionURL": "https://www.openstreetmap.org/copyright",
        "approximate": true,
        "referenceOnly": true,
        "exactLocationConfirmationAllowed": false,
        "sourceComponentIndex": 0,
        "excludedSourceComponentIndices": [
          1,
          2,
          3
        ],
        "scope": "Sao Nicolau island component, not the complete municipality or an exact linguistic boundary",
        "conversion": "Select unique independently anchored component; retain all selected coordinates unchanged.",
        "scopeNote": "Approximate reference to Sao Nicolau island for this translation, not an exact language boundary. Other islands included in the source municipality are excluded. Book ownership does not establish a visit."
      },
      "geometry": {
        "type": "Polygon",
        "coordinates": [
          [
            [
              -24.3580328,
              16.6691703
            ],
            [
              -24.3583471,
              16.66943
            ],
            [
              -24.3584395,
              16.669371
            ],
            [
              -24.3585874,
              16.6693061
            ],
            [
              -24.3586983,
              16.6692175
            ],
            [
              -24.3589079,
              16.6690817
            ],
            [
              -24.3590808,
              16.6688832
            ],
            [
              -24.3593003,
              16.6688696
            ],
            [
              -24.3595834,
              16.6686459
            ],
            [
              -24.3597958,
              16.6686527
            ],
            [
              -24.3599515,
              16.668673
            ],
            [
              -24.3607655,
              16.6681712
            ],
            [
              -24.3615478,
              16.6676838
            ],
            [
              -24.3617635,
              16.6675598
            ],
            [
              -24.3620593,
              16.6674241
            ],
            [
              -24.3623489,
              16.6673473
            ],
            [
              -24.3626755,
              16.6672647
            ],
            [
              -24.3630329,
              16.6672706
            ],
            [
              -24.3633348,
              16.6673178
            ],
            [
              -24.3637846,
              16.6674123
            ],
            [
              -24.3641913,
              16.6674595
            ],
            [
              -24.3645426,
              16.6674536
            ],
            [
              -24.3648014,
              16.6673709
            ],
            [
              -24.3650417,
              16.6672647
            ],
            [
              -24.3652451,
              16.6671171
            ],
            [
              -24.3655039,
              16.6670108
            ],
            [
              -24.3657503,
              16.6669695
            ],
            [
              -24.3660585,
              16.666881
            ],
            [
              -24.3663481,
              16.6668397
            ],
            [
              -24.366545,
              16.6667913
            ],
            [
              -24.3668353,
              16.6668048
            ],
            [
              -24.3674794,
              16.6667167
            ],
            [
              -24.3676028,
              16.6669493
            ],
            [
              -24.3676917,
              16.6671168
            ],
            [
              -24.3677767,
              16.6671981
            ],
            [
              -24.3679112,
              16.6673405
            ],
            [
              -24.3680032,
              16.6672456
            ],
            [
              -24.3681448,
              16.6671913
            ],
            [
              -24.3686119,
              16.6669947
            ],
            [
              -24.3687889,
              16.6670761
            ],
            [
              -24.3689021,
              16.6671303
            ],
            [
              -24.3690225,
              16.6673744
            ],
            [
              -24.3691499,
              16.6674829
            ],
            [
              -24.3693481,
              16.6675507
            ],
            [
              -24.3695534,
              16.6676118
            ],
            [
              -24.3697728,
              16.6676321
            ],
            [
              -24.3698648,
              16.6677542
            ],
            [
              -24.3698931,
              16.6678559
            ],
            [
              -24.369879,
              16.6679779
            ],
            [
              -24.3699427,
              16.6681678
            ],
            [
              -24.3701692,
              16.6681814
            ],
            [
              -24.3704169,
              16.6681407
            ],
            [
              -24.3705656,
              16.6682695
            ],
            [
              -24.3705726,
              16.6683848
            ],
            [
              -24.3704806,
              16.6691646
            ],
            [
              -24.3710469,
              16.6690832
            ],
            [
              -24.3711248,
              16.6692867
            ],
            [
              -24.3717618,
              16.6699919
            ],
            [
              -24.372321,
              16.6701072
            ],
            [
              -24.3724767,
              16.6701207
            ],
            [
              -24.3725121,
              16.6702089
            ],
            [
              -24.372505,
              16.6703106
            ],
            [
              -24.3725404,
              16.6704462
            ],
            [
              -24.3725971,
              16.6705479
            ],
            [
              -24.3726608,
              16.6705683
            ],
            [
              -24.3728448,
              16.6705479
            ],
            [
              -24.3730218,
              16.6705343
            ],
            [
              -24.3730996,
              16.6703716
            ],
            [
              -24.3731279,
              16.6702021
            ],
            [
              -24.3731492,
              16.6700665
            ],
            [
              -24.373227,
              16.6700597
            ],
            [
              -24.3732837,
              16.6701207
            ],
            [
              -24.3733049,
              16.6702835
            ],
            [
              -24.3733332,
              16.670453
            ],
            [
              -24.3734252,
              16.6705479
            ],
            [
              -24.3738287,
              16.6704801
            ],
            [
              -24.3741189,
              16.6702224
            ],
            [
              -24.3745436,
              16.6698834
            ],
            [
              -24.3747655,
              16.6697794
            ],
            [
              -24.3748949,
              16.6696732
            ],
            [
              -24.3749565,
              16.6695905
            ],
            [
              -24.3751229,
              16.6696141
            ],
            [
              -24.375277,
              16.6696732
            ],
            [
              -24.375431,
              16.6696673
            ],
            [
              -24.3756035,
              16.6696614
            ],
            [
              -24.3757268,
              16.6696791
            ],
            [
              -24.3757884,
              16.6697617
            ],
            [
              -24.3759301,
              16.6698385
            ],
            [
              -24.3762629,
              16.6698503
            ],
            [
              -24.3765648,
              16.6698089
            ],
            [
              -24.376725,
              16.6697145
            ],
            [
              -24.3768976,
              16.6695256
            ],
            [
              -24.3771071,
              16.669437
            ],
            [
              -24.3773043,
              16.6694193
            ],
            [
              -24.3774275,
              16.6694666
            ],
            [
              -24.3774522,
              16.6696496
            ],
            [
              -24.377483,
              16.6698208
            ],
            [
              -24.3775877,
              16.6699447
            ],
            [
              -24.3777289,
              16.6700461
            ],
            [
              -24.3778351,
              16.6701343
            ],
            [
              -24.3780474,
              16.6702089
            ],
            [
              -24.378366,
              16.6702563
            ],
            [
              -24.3785854,
              16.6702902
            ],
            [
              -24.3786066,
              16.6704191
            ],
            [
              -24.3787199,
              16.6704665
            ],
            [
              -24.3789322,
              16.6705479
            ],
            [
              -24.3791163,
              16.6705547
            ],
            [
              -24.3792083,
              16.6704869
            ],
            [
              -24.379364,
              16.6705954
            ],
            [
              -24.3797533,
              16.6706564
            ],
            [
              -24.3804116,
              16.6706632
            ],
            [
              -24.380447,
              16.6705683
            ],
            [
              -24.3805532,
              16.6702902
            ],
            [
              -24.3806098,
              16.6697749
            ],
            [
              -24.3806452,
              16.6694969
            ],
            [
              -24.3807443,
              16.6692595
            ],
            [
              -24.3808646,
              16.6690832
            ],
            [
              -24.380808,
              16.669524
            ],
            [
              -24.3807868,
              16.6698902
            ],
            [
              -24.3808222,
              16.6701682
            ],
            [
              -24.3808717,
              16.6702835
            ],
            [
              -24.3809425,
              16.6702767
            ],
            [
              -24.3809779,
              16.6701817
            ],
            [
              -24.3810557,
              16.6700732
            ],
            [
              -24.3810699,
              16.6699173
            ],
            [
              -24.3810345,
              16.669741
            ],
            [
              -24.3809566,
              16.6696393
            ],
            [
              -24.3809496,
              16.6694901
            ],
            [
              -24.380992,
              16.6691578
            ],
            [
              -24.380992,
              16.6682899
            ],
            [
              -24.3810628,
              16.6681746
            ],
            [
              -24.3812681,
              16.6680254
            ],
            [
              -24.382296,
              16.6681658
            ],
            [
              -24.382289,
              16.6686804
            ],
            [
              -24.3838892,
              16.668829
            ],
            [
              -24.3857826,
              16.6670511
            ],
            [
              -24.3884543,
              16.6669566
            ],
            [
              -24.3884649,
              16.6661843
            ],
            [
              -24.3900669,
              16.6662045
            ],
            [
              -24.3899478,
              16.6651733
            ],
            [
              -24.3903723,
              16.6633769
            ],
            [
              -24.3917159,
              16.6627498
            ],
            [
              -24.3941172,
              16.6629091
            ],
            [
              -24.3944016,
              16.6616258
            ],
            [
              -24.3954714,
              16.66151
            ],
            [
              -24.3962672,
              16.6619067
            ],
            [
              -24.396274,
              16.6613918
            ],
            [
              -24.3957418,
              16.6612559
            ],
            [
              -24.3954836,
              16.6606097
            ],
            [
              -24.3949495,
              16.6606029
            ],
            [
              -24.3952236,
              16.6600915
            ],
            [
              -24.3957541,
              16.6603557
            ],
            [
              -24.3957611,
              16.6598409
            ],
            [
              -24.3965621,
              16.6598511
            ],
            [
              -24.396309,
              16.6588182
            ],
            [
              -24.3973821,
              16.6584451
            ],
            [
              -24.3992493,
              16.6585977
            ],
            [
              -24.3992423,
              16.6591125
            ],
            [
              -24.3995093,
              16.6591157
            ],
            [
              -24.3995163,
              16.6586011
            ],
            [
              -24.4013939,
              16.6579806
            ],
            [
              -24.401921,
              16.658502
            ],
            [
              -24.4032576,
              16.6583905
            ],
            [
              -24.4035142,
              16.659166
            ],
            [
              -24.4069956,
              16.6584374
            ],
            [
              -24.4080775,
              16.6574213
            ],
            [
              -24.4083547,
              16.6566525
            ],
            [
              -24.4091523,
              16.6569199
            ],
            [
              -24.4094332,
              16.6558936
            ],
            [
              -24.4102324,
              16.656032
            ],
            [
              -24.4131848,
              16.654911
            ],
            [
              -24.4128972,
              16.6564517
            ],
            [
              -24.4139616,
              16.6567226
            ],
            [
              -24.4145095,
              16.6556997
            ],
            [
              -24.4158393,
              16.6561019
            ],
            [
              -24.4171759,
              16.6559904
            ],
            [
              -24.4169193,
              16.6552149
            ],
            [
              -24.4198595,
              16.6549942
            ],
            [
              -24.4198665,
              16.6544793
            ],
            [
              -24.417734,
              16.6541955
            ],
            [
              -24.4170809,
              16.6531577
            ],
            [
              -24.4171119,
              16.6508413
            ],
            [
              -24.4175188,
              16.6503315
            ],
            [
              -24.4188503,
              16.6506054
            ],
            [
              -24.4188435,
              16.6511202
            ],
            [
              -24.4201784,
              16.6511369
            ],
            [
              -24.420435,
              16.6519123
            ],
            [
              -24.4207019,
              16.6519156
            ],
            [
              -24.4207157,
              16.6508861
            ],
            [
              -24.4217871,
              16.6506421
            ],
            [
              -24.4220748,
              16.6491012
            ],
            [
              -24.4228758,
              16.6491112
            ],
            [
              -24.4234269,
              16.6478309
            ],
            [
              -24.4239608,
              16.6478375
            ],
            [
              -24.4239678,
              16.6473227
            ],
            [
              -24.4245018,
              16.6473293
            ],
            [
              -24.4257346,
              16.645028
            ],
            [
              -24.4250907,
              16.643218
            ],
            [
              -24.4256246,
              16.6432246
            ],
            [
              -24.4257758,
              16.6419394
            ],
            [
              -24.4263167,
              16.6414313
            ],
            [
              -24.4264738,
              16.6396313
            ],
            [
              -24.4259399,
              16.6396247
            ],
            [
              -24.4261585,
              16.6392164
            ],
            [
              -24.4262137,
              16.6391133
            ],
            [
              -24.4267476,
              16.6391199
            ],
            [
              -24.4258342,
              16.637564
            ],
            [
              -24.4251056,
              16.6321492
            ],
            [
              -24.4245785,
              16.6316279
            ],
            [
              -24.4258308,
              16.6277821
            ],
            [
              -24.4271725,
              16.6272839
            ],
            [
              -24.4268274,
              16.6231609
            ],
            [
              -24.4263039,
              16.6223822
            ],
            [
              -24.4257527,
              16.6136232
            ],
            [
              -24.4252188,
              16.6136166
            ],
            [
              -24.425113071193667,
              16.613183279717532
            ],
            [
              -24.4235048,
              16.6120509
            ],
            [
              -24.4233778,
              16.6115344
            ],
            [
              -24.4197044,
              16.6108544
            ],
            [
              -24.4196494,
              16.6108442
            ],
            [
              -24.4182143,
              16.6083813
            ],
            [
              -24.4181045,
              16.606578
            ],
            [
              -24.4186384,
              16.6065847
            ],
            [
              -24.418793,
              16.605042
            ],
            [
              -24.4187378,
              16.6049401
            ],
            [
              -24.4178805,
              16.6033571
            ],
            [
              -24.4164216,
              16.6026958
            ],
            [
              -24.416298,
              16.601922
            ],
            [
              -24.4141593,
              16.6021528
            ],
            [
              -24.4141661,
              16.6016382
            ],
            [
              -24.4131035,
              16.6012384
            ],
            [
              -24.4121888,
              16.5998117
            ],
            [
              -24.4107576,
              16.5982603
            ],
            [
              -24.4093773,
              16.596764
            ],
            [
              -24.4094254,
              16.5968164
            ],
            [
              -24.4074209,
              16.5957889
            ],
            [
              -24.4068054,
              16.5954734
            ],
            [
              -24.4050512,
              16.5945743
            ],
            [
              -24.4049242,
              16.5940579
            ],
            [
              -24.3993504,
              16.5916716
            ],
            [
              -24.3992279,
              16.5908979
            ],
            [
              -24.3964543,
              16.5886746
            ],
            [
              -24.3953869,
              16.5886612
            ],
            [
              -24.3917934,
              16.5866964
            ],
            [
              -24.3874373,
              16.5843146
            ],
            [
              -24.3874443,
              16.5838
            ],
            [
              -24.3869123,
              16.5836641
            ],
            [
              -24.3861272,
              16.5824964
            ],
            [
              -24.3838725,
              16.5819588
            ],
            [
              -24.3821363,
              16.5815448
            ],
            [
              -24.3792401,
              16.5807897
            ],
            [
              -24.3771681,
              16.5807318
            ],
            [
              -24.3770249,
              16.5807278
            ],
            [
              -24.3738396,
              16.5807278
            ],
            [
              -24.3709502,
              16.5800536
            ],
            [
              -24.3685974,
              16.5793243
            ],
            [
              -24.3671802,
              16.5784437
            ],
            [
              -24.3668001,
              16.5780493
            ],
            [
              -24.3665055,
              16.5782329
            ],
            [
              -24.3662996,
              16.5783612
            ],
            [
              -24.3645765,
              16.5773337
            ],
            [
              -24.3643251,
              16.5771366
            ],
            [
              -24.3642817,
              16.5771141
            ],
            [
              -24.3637954,
              16.5768614
            ],
            [
              -24.3635133,
              16.5765381
            ],
            [
              -24.3634125,
              16.5764748
            ],
            [
              -24.3631625,
              16.5763179
            ],
            [
              -24.3626245,
              16.5737053
            ],
            [
              -24.3609472,
              16.5716604
            ],
            [
              -24.3598622,
              16.5707096
            ],
            [
              -24.3581183,
              16.5687831
            ],
            [
              -24.358604,
              16.5673955
            ],
            [
              -24.3587676,
              16.5671127
            ],
            [
              -24.358936,
              16.5670761
            ],
            [
              -24.3593972,
              16.56717
            ],
            [
              -24.3599247,
              16.5667364
            ],
            [
              -24.360378,
              16.5676059
            ],
            [
              -24.3606368,
              16.5675173
            ],
            [
              -24.3598739,
              16.5658827
            ],
            [
              -24.3592202,
              16.5654518
            ],
            [
              -24.3588704,
              16.5651632
            ],
            [
              -24.3586684,
              16.5648951
            ],
            [
              -24.3584709,
              16.5646363
            ],
            [
              -24.3579307,
              16.563067
            ],
            [
              -24.3590497,
              16.5618193
            ],
            [
              -24.3583019,
              16.5579485
            ],
            [
              -24.3583729,
              16.5577998
            ],
            [
              -24.3594009,
              16.5556459
            ],
            [
              -24.3590812,
              16.5546327
            ],
            [
              -24.3587507,
              16.5543505
            ],
            [
              -24.3582443,
              16.5534808
            ],
            [
              -24.3577937,
              16.5530592
            ],
            [
              -24.357429,
              16.552257
            ],
            [
              -24.3569146,
              16.5520107
            ],
            [
              -24.35612,
              16.5514548
            ],
            [
              -24.3550573,
              16.5512148
            ],
            [
              -24.3545536,
              16.5508481
            ],
            [
              -24.3543069,
              16.5505807
            ],
            [
              -24.3538133,
              16.5507864
            ],
            [
              -24.3535988,
              16.5510538
            ],
            [
              -24.3531052,
              16.5506732
            ],
            [
              -24.3524508,
              16.5507555
            ],
            [
              -24.3520323,
              16.5508995
            ],
            [
              -24.3517105,
              16.5514651
            ],
            [
              -24.3512921,
              16.55164
            ],
            [
              -24.3512678,
              16.5511129
            ],
            [
              -24.35126044555795,
              16.551100740918002
            ],
            [
              -24.3510547,
              16.551164
            ],
            [
              -24.350578411015576,
              16.55015461370861
            ],
            [
              -24.3504791,
              16.5501308
            ],
            [
              -24.3501458,
              16.5495774
            ],
            [
              -24.350207338605617,
              16.549368210041983
            ],
            [
              -24.3501031,
              16.5491473
            ],
            [
              -24.3500732,
              16.5490652
            ],
            [
              -24.349282518430446,
              16.54689032021626
            ],
            [
              -24.349105,
              16.5467793
            ],
            [
              -24.3486578,
              16.5457271
            ],
            [
              -24.348870513084893,
              16.545030386523788
            ],
            [
              -24.34888519796773,
              16.543960745199538
            ],
            [
              -24.3488285,
              16.5436694
            ],
            [
              -24.348890077628766,
              16.54360531253113
            ],
            [
              -24.3489033,
              16.5426422
            ],
            [
              -24.3486578,
              16.5427029
            ],
            [
              -24.348350609376944,
              16.542276710290924
            ],
            [
              -24.3477126,
              16.5418548
            ],
            [
              -24.3473981,
              16.5412273
            ],
            [
              -24.3470635,
              16.5405596
            ],
            [
              -24.3469991,
              16.5392968
            ],
            [
              -24.3470397,
              16.5383692
            ],
            [
              -24.3472799274349,
              16.53809573587157
            ],
            [
              -24.34735234410986,
              16.5372713263053
            ],
            [
              -24.3469096,
              16.5370052
            ],
            [
              -24.3464137,
              16.5365764
            ],
            [
              -24.346378523889545,
              16.53646105878605
            ],
            [
              -24.3463194,
              16.5364316
            ],
            [
              -24.34634050564725,
              16.536336398322963
            ],
            [
              -24.3462592,
              16.5360698
            ],
            [
              -24.346186,
              16.5355553
            ],
            [
              -24.3466039,
              16.5351483
            ],
            [
              -24.3459734,
              16.5324369
            ],
            [
              -24.3455762,
              16.5329207
            ],
            [
              -24.345381,
              16.5326479
            ],
            [
              -24.3451747,
              16.5322986
            ],
            [
              -24.3445504,
              16.5313713
            ],
            [
              -24.3443027,
              16.5311649
            ],
            [
              -24.3439179,
              16.5308337
            ],
            [
              -24.3436826,
              16.5305482
            ],
            [
              -24.342946,
              16.5294388
            ],
            [
              -24.3429602,
              16.5284093
            ],
            [
              -24.3417732,
              16.5273646
            ],
            [
              -24.3413916,
              16.526886
            ],
            [
              -24.3409834,
              16.5265823
            ],
            [
              -24.3407199,
              16.5264204
            ],
            [
              -24.3406621,
              16.5263699
            ],
            [
              -24.3375392,
              16.5247857
            ],
            [
              -24.3368771,
              16.5244498
            ],
            [
              -24.3354141,
              16.5240654
            ],
            [
              -24.3348433,
              16.5238474
            ],
            [
              -24.334175608710865,
              16.52302703661311
            ],
            [
              -24.3336999,
              16.5226282
            ],
            [
              -24.3329384,
              16.5197872
            ],
            [
              -24.3325748,
              16.5190689
            ],
            [
              -24.332152,
              16.5182972
            ],
            [
              -24.3316072,
              16.5174553
            ],
            [
              -24.3313765,
              16.5169357
            ],
            [
              -24.330684903672708,
              16.512179716189877
            ],
            [
              -24.3304933,
              16.5116632
            ],
            [
              -24.3305095,
              16.5112267
            ],
            [
              -24.330541567149716,
              16.511194016648332
            ],
            [
              -24.330495447086676,
              16.510876857252768
            ],
            [
              -24.330412,
              16.5107511
            ],
            [
              -24.3303063,
              16.5103691
            ],
            [
              -24.3299404,
              16.5099716
            ],
            [
              -24.3298509,
              16.5090672
            ],
            [
              -24.3295582,
              16.5086541
            ],
            [
              -24.3295094,
              16.5081941
            ],
            [
              -24.3291517,
              16.5074925
            ],
            [
              -24.3288508,
              16.5063777
            ],
            [
              -24.3286963,
              16.5056683
            ],
            [
              -24.3284118,
              16.5049978
            ],
            [
              -24.3284118,
              16.504207677090562
            ],
            [
              -24.32829435684806,
              16.50385215890238
            ],
            [
              -24.3280946,
              16.5036803
            ],
            [
              -24.3278832,
              16.5033607
            ],
            [
              -24.3275174,
              16.5029007
            ],
            [
              -24.3270945,
              16.5026824
            ],
            [
              -24.3263505,
              16.5012069
            ],
            [
              -24.3257042,
              16.5006477
            ],
            [
              -24.3253383,
              16.5003436
            ],
            [
              -24.3251512,
              16.5002813
            ],
            [
              -24.325013,
              16.499642
            ],
            [
              -24.3246912,
              16.4987241
            ],
            [
              -24.3246481,
              16.4980505
            ],
            [
              -24.3246604,
              16.4976428
            ],
            [
              -24.3248083,
              16.4973829
            ],
            [
              -24.3248391,
              16.4970638
            ],
            [
              -24.3246851,
              16.4967448
            ],
            [
              -24.3245556,
              16.496278
            ],
            [
              -24.3244605,
              16.4959975
            ],
            [
              -24.324494,
              16.4957285
            ],
            [
              -24.3247282,
              16.4951436
            ],
            [
              -24.324851550193294,
              16.495108656086884
            ],
            [
              -24.3256992,
              16.493182
            ],
            [
              -24.3267627,
              16.493453
            ],
            [
              -24.32670543746287,
              16.49097794012187
            ],
            [
              -24.3264316,
              16.4905552
            ],
            [
              -24.3263042,
              16.4897476
            ],
            [
              -24.3261201,
              16.4889738
            ],
            [
              -24.326106,
              16.4885734
            ],
            [
              -24.3263034,
              16.4880418
            ],
            [
              -24.3267643,
              16.48782
            ],
            [
              -24.326988415051055,
              16.48762858694646
            ],
            [
              -24.3271142,
              16.4872799
            ],
            [
              -24.3276478,
              16.4872867
            ],
            [
              -24.327602851408145,
              16.48534388604413
            ],
            [
              -24.3275712,
              16.4852747
            ],
            [
              -24.32759571570605,
              16.485035459438514
            ],
            [
              -24.3275644,
              16.4836819
            ],
            [
              -24.3270379,
              16.4831605
            ],
            [
              -24.3269554,
              16.4826072
            ],
            [
              -24.326995503255265,
              16.48245972960785
            ],
            [
              -24.326954811197105,
              16.481787135762964
            ],
            [
              -24.3266581,
              16.481528
            ],
            [
              -24.3261269,
              16.4814752
            ],
            [
              -24.325817659333875,
              16.481910319540383
            ],
            [
              -24.3258158,
              16.4820167
            ],
            [
              -24.3253108,
              16.4826235
            ],
            [
              -24.3250442,
              16.4828855
            ],
            [
              -24.3247611,
              16.4829262
            ],
            [
              -24.3245,
              16.4833854
            ],
            [
              -24.3241665,
              16.4839987
            ],
            [
              -24.3237701,
              16.4847996
            ],
            [
              -24.3235294,
              16.4853969
            ],
            [
              -24.3232038,
              16.4856344
            ],
            [
              -24.3229278,
              16.4858177
            ],
            [
              -24.3225809,
              16.4857634
            ],
            [
              -24.3223544,
              16.4858448
            ],
            [
              -24.3221138,
              16.4856005
            ],
            [
              -24.3216395,
              16.4855937
            ],
            [
              -24.3212006,
              16.4854783
            ],
            [
              -24.3204857,
              16.4852883
            ],
            [
              -24.3166275,
              16.4904386
            ],
            [
              -24.3121627,
              16.507376
            ],
            [
              -24.3108039,
              16.5262661
            ],
            [
              -24.3033303,
              16.5388274
            ],
            [
              -24.3030392,
              16.5709248
            ],
            [
              -24.3044951,
              16.5726923
            ],
            [
              -24.3050774,
              16.5766924
            ],
            [
              -24.3032158,
              16.5781243
            ],
            [
              -24.3103441,
              16.5864268
            ],
            [
              -24.3133275,
              16.5899016
            ],
            [
              -24.3134245,
              16.6055281
            ],
            [
              -24.3293422,
              16.6191073
            ],
            [
              -24.3515688,
              16.6190143
            ],
            [
              -24.3546747,
              16.6205024
            ],
            [
              -24.3571012,
              16.6341735
            ],
            [
              -24.3506459,
              16.6371345
            ],
            [
              -24.3479776,
              16.6383584
            ],
            [
              -24.3580328,
              16.6691703
            ]
          ]
        ]
      }
    }
  ],
  "metadata": {
    "resourceName": "sao_nicolau_island_reference_20260913",
    "candidateSHA256": "8bf9ae680ee35ed94df83e39c60090601b99e373011d5a51b309665b2b9bd4c8",
    "scopeNote": "Approximate reference to Sao Nicolau island for this translation, not an exact language boundary. Other islands included in the source municipality are excluded. Book ownership does not establish a visit.",
    "parallelDistributionVerified": false
  }
}
